Passenger ID,Number of Flights,First Name,Last Name
2068,32,Yolande,Pete
1677,27,Katherina,Vasiliki
4827,27,Jaime,Renay
8961,26,Ginny,Clara
3173,26,Sunshine,Scott
2857,25,Son,Ginette
917,25,Anisha,Alaine
5867,25,Luise,Raymond
8363,25,Branda,Kimiko
6084,25,Cole,Sharyl
760,25,Vernia,Mui
288,25,Pamila,Mavis
5096,25,Blythe,Hyon
1240,24,Catherine,Missy
1343,24,Bennett,Staci
5668,24,Gladis,Earlene
2441,24,Kayla,Rufus
3367,24,Priscilla,Corie
4056,23,Dagmar,Marilee
1673,23,Jeanie,Gladis
1598,23,Amelia,Betsey
3405,23,Johna,Ollie
5332,23,Bobette,Laurice
613,23,Palmer,Yuonne
2717,23,Shannon,Marlyn
8353,23,Davis,Williams
281,23,Sage,Fernanda
7643,23,Albina,Joni
2251,23,Gussie,Temple
3093,23,Theda,Rodrick
8411,23,Juliann,Cheryll
1337,23,Kirby,Melvin
9441,23,Annalisa,Luanna
211,23,Lori,Jeremiah
3590,23,Isiah,Tyler
366,23,Carman,Meghan
3180,22,Yvette,Peter
5490,22,Toni,Winnifred
798,22,Ramiro,Terisa
7162,22,Alfonso,Dinah
2437,22,Charlyn,Wynona
1769,22,Lisha,Delmer
739,22,Sadye,Rhea
4611,22,Cristi,Eugenia
392,22,Cory,Ebonie
350,22,Annemarie,Nilsa
4034,22,Thalia,Maurice
3078,22,Laquita,Kate
5423,22,Sirena,Nigel
391,22,Carolynn,Enola
6447,22,Brigitte,Jodie
2939,22,Jaleesa,Clement
167,22,Mona,Kassandra
258,22,Emmaline,Marcelle
9252,22,Angella,Margret
1413,22,Carlee,Timmy
5416,21,Chin,Claretta
4632,21,Jacklyn,Christia
1464,21,Margherita,Arica
2254,21,Angelina,Gracia
6060,21,Delisa,Elisha
4249,21,Chi,Valeri
1982,21,Izetta,Marjorie
6777,21,Tamara,Terresa
1581,21,Marx,Artie
437,21,Kelli,Roger
9540,21,Rhoda,Gavin
848,21,Marya,Eliana
398,21,Mario,Trinh
4399,21,Kevin,Nicole
364,21,Donya,Stephan
2185,21,Rae,Chas
5560,21,Lang,Johnie
3332,21,Kiara,Donnie
4552,21,Mayme,Luvenia
5007,21,Laticia,Katherine
3112,21,Madie,Winona
435,21,Tiffani,Frances
905,21,Terrie,Gisela
763,21,Will,Chanelle
2926,21,Vicky,Patrica
1651,21,Alex,Annabelle
4502,21,Thea,Yolando
2516,21,Tamar,Claretta
7810,20,Willie,Glen
5775,20,Mozella,Essie
3589,20,Lee,Ben
4774,20,Myles,Ivan
1617,20,Cody,Lashell
3021,20,Ervin,Milda
3883,20,Vina,Jewel
649,20,Doreen,Raymond
3802,20,Gwyn,Cherish
2734,20,Otha,Genoveva
721,20,Yun,Cecily
2511,20,Verona,Bobbie
139,20,Vita,Eileen
2378,20,Berenice,Eladia
3937,20,Palmer,Marisela
1246,20,Shaquita,Evon
